locationId,providerId,name,registrationStatus,registrationDate,postalAddressLine1,postalAddressTownCity,postalAddressCounty,region,postalCode,mainPhoneNumber,localAuthority,numberOfBeds,currentRatings.overall.rating,currentRatings.overall.reportDate,regulatedActivities,gacServiceTypes
1-10064258273,1-9491037344,Kent Case Management Ltd,Registered,2020-12-30,"The Stables, Bradbourne House,",West Malling,,South East,ME19 6DZ,07741497668,Kent,0.0,Good,2022-03-18,"[{'name': 'Personal care', 'code': 'RA1', 'contacts': [{'personTitle': 'Miss', 'personGivenName': 'Anna', 'personFamilyName': 'Fleming', 'personRoles': ['Registered Manager']}]}]","[{'name': 'Homecare agencies', 'description': 'Domiciliary care service'}]"
1-10087632956,1-6192052130,Royalcare- Thanet,Registered,2020-12-23,Kent Innovation Centre,Broadstairs,Kent,South East,CT10 2QQ,01843838122,Kent,0.0,Requires improvement,2022-05-25,"[{'name': 'Personal care', 'code': 'RA1', 'contacts': [{'personTitle': 'Mr', 'personGivenName': 'David', 'personFamilyName': 'Babu', 'personRoles': ['Registered Manager']}]}]","[{'name': 'Homecare agencies', 'description': 'Domiciliary care service'}]"
1-10200463066,1-3982604534,PCAS Kent Ltd,Registered,2021-01-14,Unit 5,Faversham,,South East,ME13 8GD,03300535919,Kent,0.0,Not rated,,"[{'name': 'Personal care', 'code': 'RA1', 'contacts': []}]","[{'name': 'Homecare agencies', 'description': 'Domiciliary care service'}]"
1-10204301199,1-118164017,Priory Supported Living Kent,Registered,2021-02-25,Buckland,Dover,,South East,CT17 0TQ,01304202010,Kent,0.0,Good,2022-11-11,"[{'name': 'Personal care', 'code': 'RA1', 'contacts': [{'personTitle': 'Mrs', 'personGivenName': 'Karen Eva', 'personFamilyName': 'Gowers', 'personRoles': ['Registered Manager']}]}]","[{'name': 'Homecare agencies', 'description': 'Domiciliary care service'}, {'name': 'Supported living', 'description': 'Supported living service'}]"
1-10212079624,1-102643252,SeeAbility - Kent Supported Living,Registered,2021-01-14,Laburnum House,Birchington,,South East,CT7 9DQ,07725424042,Kent,0.0,Good,2022-07-01,"[{'name': 'Personal care', 'code': 'RA1', 'contacts': [{'personTitle': 'Mr', 'personGivenName': 'Luke Bryan', 'personFamilyName': 'Ilett-Mackie', 'personRoles': ['Registered Manager']}]}]","[{'name': 'Homecare agencies', 'description': 'Domiciliary care service'}, {'name': 'Supported living', 'description': 'Supported living service'}]"
1-10336570859,1-9718215831,Devoted Homecare,Registered,2021-02-17,"7 Metford, Evegate Business Park",Ashford,,South East,TN25 6SX,01797360788,Kent,0.0,Good,2022-07-08,"[{'name': 'Personal care', 'code': 'RA1', 'contacts': [{'personTitle': 'Miss', 'personGivenName': 'Sophie Michelle', 'personFamilyName': 'Shepherd', 'personRoles': ['Registered Manager']}]}]","[{'name': 'Homecare agencies', 'description': 'Domiciliary care service'}]"
1-10409575620,1-7187418734,Glorycrown Healthcare Ltd,Registered,2021-02-26,"S07 Second Floor, Knightrider House",Maidstone,,South East,ME15 6LU,01622804574,Kent,0.0,Good,2022-12-22,"[{'name': 'Personal care', 'code': 'RA1', 'contacts': [{'personTitle': 'Ms', 'personGivenName': 'Sibongile', 'personFamilyName': 'Mabena', 'personRoles': ['Registered Manager']}]}, {'name': 'Treatment of disease, disorder or injury', 'code': 'RA5', 'contacts': [{'personTitle': 'Ms', 'personGivenName': 'Sibongile', 'personFamilyName': 'Mabena', 'personRoles': ['Registered Manager']}]}]","[{'name': 'Homecare agencies', 'description': 'Domiciliary care service'}, {'name': 'Supported living', 'description': 'Supported living service'}]"
1-104968428,1-101625791,Marbleside Care,Registered,2010-11-29,23-27 Eaton Road,Margate,Kent,South East,CT9 1XB,01843292616,Kent,25.0,Good,2020-11-07,"[{'name': 'Personal care', 'code': 'RA1', 'contacts': [{'personTitle': 'Miss', 'personGivenName': 'Emily Audrey Dorcas', 'personFamilyName': 'Marambakuyana', 'personRoles': ['Registered Manager']}]}]","[{'name': 'Homecare agencies', 'description': 'Domiciliary care service'}]"
1-10535587136,1-8660052839,Henderson Health Care,Registered,2021-03-15,"Suite 104F, 26 Kings Hill Avenue",West Malling,,South East,ME19 4AE,07871151673,Kent,0.0,Not rated,,"[{'name': 'Personal care', 'code': 'RA1', 'contacts': [{'personTitle': 'Dr', 'personGivenName': 'Norman', 'personFamilyName': 'Kufakwaro', 'personRoles': ['Registered Manager']}]}]","[{'name': 'Homecare agencies', 'description': 'Domiciliary care service'}]"
1-1054132568,1-979719472,Figtree Care Services Ltd,Registered,2015-04-08,"Suite 15, The Base",Dartford,Kent,South East,DA1 5FS,01322314878,Kent,0.0,Requires improvement,2020-01-18,"[{'name': 'Personal care', 'code': 'RA1', 'contacts': [{'personTitle': 'Mr', 'personGivenName': 'Munyaradzi Oliver', 'personFamilyName': 'Charuma', 'personRoles': ['Registered Manager']}]}]","[{'name': 'Homecare agencies', 'description': 'Domiciliary care service'}]"
1-10631096735,1-9773563733,Simplex Healthcare Limited,Registered,2021-04-21,8 Premier Way,Sittingbourne,,South East,ME10 2GU,07956555212,Kent,0.0,Good,2022-10-27,"[{'name': 'Personal care', 'code': 'RA1', 'contacts': [{'personTitle': 'Mr', 'personGivenName': 'Victor Tererayi', 'personFamilyName': 'Damba', 'personRoles': ['Registered Manager']}]}]","[{'name': 'Homecare agencies', 'description': 'Domiciliary care service'}]"
1-10675883005,1-9621815588,Greener Pastures Ltd,Registered,2021-04-09,4 Grieves Road,Gravesend,,South East,DA11 7JG,,Kent,0.0,Not rated,,"[{'name': 'Personal care', 'code': 'RA1', 'contacts': [{'personTitle': 'Mrs', 'personGivenName': 'Adebunmi', 'personFamilyName': 'Adeyeye', 'personRoles': ['Registered Manager']}]}]","[{'name': 'Homecare agencies', 'description': 'Domiciliary care service'}]"
1-10724452227,1-9833333349,Elizabeths Rose Home Care,Registered,2021-04-22,"Ground Floor, 6 Kings Row",Maidstone,,South East,ME15 6AQ,01622296224,Kent,0.0,Good,2023-03-16,"[{'name': 'Personal care', 'code': 'RA1', 'contacts': [{'personTitle': 'Mrs', 'personGivenName': 'Abigail Louise', 'personFamilyName': 'Butler', 'personRoles': ['Registered Manager']}]}]","[{'name': 'Homecare agencies', 'description': 'Domiciliary care service'}]"
1-107292415,1-101703451,Welcome Home,Registered,2011-02-17,Cliff View Gardens,Sheerness,Kent,South East,ME12 4NH,01795510884,Kent,5.0,Good,2022-10-21,"[{'name': 'Personal care', 'code': 'RA1', 'contacts': [{'personTitle': 'Mrs', 'personGivenName': 'Susan Pamela', 'personFamilyName': 'Holton', 'personRoles': ['Registered Manager']}]}]","[{'name': 'Homecare agencies', 'description': 'Domiciliary care service'}]"
1-1074985387,1-1024772695,Beach House,Registered,2013-12-06,1 Beach Avenue,Birchington,Kent,South East,CT7 9JS,01843845922,Kent,9.0,Good,2018-07-03,"[{'name': 'Personal care', 'code': 'RA1', 'contacts': [{'personTitle': 'Mr', 'personGivenName': 'Simon', 'personFamilyName': 'Rowe', 'personRoles': ['Registered Manager']}]}, {'name': 'Accommodation for persons who require nursing or personal care', 'code': 'RA2', 'contacts': [{'personTitle': 'Mr', 'personGivenName': 'Simon', 'personFamilyName': 'Rowe', 'personRoles': ['Registered Manager']}]}]","[{'name': 'Residential homes', 'description': 'Care home service without nursing'}, {'name': 'Homecare agencies', 'description': 'Domiciliary care service'}]"
1-10757577665,1-9929887255,Zander Mackenzie Care U.K. Limited,Registered,2021-05-03,"Ground Floor, Christopher House",Dartford,,South East,DA2 6EF,,Kent,0.0,Good,2023-10-26,"[{'name': 'Personal care', 'code': 'RA1', 'contacts': []}]","[{'name': 'Homecare agencies', 'description': 'Domiciliary care service'}, {'name': 'Supported living', 'description': 'Supported living service'}]"
1-10841906240,1-10678452104,Head First,Registered,2021-06-29,Grove Mills,Cranbrook,,South East,TN18 4AS,01580752275,Kent,0.0,Good,2020-01-09,"[{'name': 'Personal care', 'code': 'RA1', 'contacts': [{'personTitle': 'Mrs', 'personGivenName': 'Stephanie Jill', 'personFamilyName': 'Seymour', 'personRoles': ['Registered Manager']}]}, {'name': 'Treatment of disease, disorder or injury', 'code': 'RA5', 'contacts': [{'personTitle': 'Mrs', 'personGivenName': 'Stephanie Jill', 'personFamilyName': 'Seymour', 'personRoles': ['Registered Manager']}]}]","[{'name': 'Homecare agencies', 'description': 'Domiciliary care service'}]"
1-10882613597,1-118166337,Endurance Kent- Broadstairs,Registered,2021-05-12,20 Granville Road,Broadstairs,,South East,CT10 1QB,01843866509,Kent,0.0,Not rated,,"[{'name': 'Personal care', 'code': 'RA1', 'contacts': [{'personTitle': 'Miss', 'personGivenName': 'Gabrielle Elizabeth', 'personFamilyName': 'Lancaster', 'personRoles': ['Registered Manager']}]}]","[{'name': 'Supported living', 'description': 'Supported living service'}]"
1-10984191735,1-2186667355,Longfield Integrated Care Centre,Registered,2021-07-19,"Tuppence House, Brickfield Farm",Longfield,,South East,DA3 7PJ,01474705237,Kent,0.0,Not rated,,"[{'name': 'Personal care', 'code': 'RA1', 'contacts': [{'personTitle': 'Mr', 'personGivenName': 'Senthirkumar', 'personFamilyName': 'Ramanathan', 'personRoles': ['Registered Manager']}]}, {'name': 'Treatment of disease, disorder or injury', 'code': 'RA5', 'contacts': [{'personTitle': 'Mr', 'personGivenName': 'Senthirkumar', 'personFamilyName': 'Ramanathan', 'personRoles': ['Registered Manager']}]}, {'name': 'Diagnostic and screening procedures', 'code': 'RA8', 'contacts': [{'personTitle': 'Mr', 'personGivenName': 'Senthirkumar', 'personFamilyName': 'Ramanathan', 'personRoles': ['Registered Manager']}]}]","[{'name': 'Homecare agencies', 'description': 'Domiciliary care service'}, {'name': 'Doctors/Gps', 'description': 'Doctors consultation service'}]"
1-112047455,1-101642389,TerraBlu Homecare,Registered,2011-01-07,9 Calverley Park Crescent,Tunbridge Wells,Kent,South East,TN1 2NB,01892529429,Kent,0.0,Requires improvement,2022-04-23,"[{'name': 'Personal care', 'code': 'RA1', 'contacts': [{'personTitle': 'Mrs', 'personGivenName': 'Julia', 'personFamilyName': 'Mead', 'personRoles': ['Registered Manager']}]}]","[{'name': 'Homecare agencies', 'description': 'Domiciliary care service'}]"
1-112095895,1-101724282,Park View Domiciliary Care,Registered,2011-01-18,22 William Pitt Avenue,Deal,Kent,South East,CT14 9QF,07872014850,Kent,0.0,Good,2019-10-19,"[{'name': 'Personal care', 'code': 'RA1', 'contacts': []}]","[{'name': 'Homecare agencies', 'description': 'Domiciliary care service'}, {'name': 'Supported living', 'description': 'Supported living service'}]"
1-112765382,1-101667073,Town & Country Homecare Limited,Registered,2011-03-01,Unit 3B Pickhill Business Centre,Tenterden,,South East,TN30 7LZ,01580762244,Kent,0.0,Good,2023-08-15,"[{'name': 'Personal care', 'code': 'RA1', 'contacts': [{'personTitle': 'Mrs', 'personGivenName': 'Carole Elizabeth', 'personFamilyName': 'Harrison', 'personRoles': ['Registered Manager']}]}]","[{'name': 'Homecare agencies', 'description': 'Domiciliary care service'}]"
1-113078318,1-101686916,"Bluebird Care Canterbury, Thanet, Folkestone and Dover",Registered,2010-12-03,The Archive Centre,Dover,,South East,CT16 3EH,01843250638,Kent,0.0,Good,2019-07-17,"[{'name': 'Personal care', 'code': 'RA1', 'contacts': [{'personTitle': 'Miss', 'personGivenName': 'Gemma Alexandra', 'personFamilyName': 'East', 'personRoles': ['Registered Manager']}]}]","[{'name': 'Homecare agencies', 'description': 'Domiciliary care service'}, {'name': 'Supported living', 'description': 'Supported living service'}]"
1-114401141,1-101647407,Tender Loving Carers,Registered,2011-01-10,"108-109, John Wilson Business Park",Whitstable,Kent,South East,CT5 3QT,01227772515,Kent,0.0,Good,2020-12-02,"[{'name': 'Personal care', 'code': 'RA1', 'contacts': [{'personTitle': 'Miss', 'personGivenName': 'Brigitte', 'personFamilyName': 'Grutzmacher', 'personRoles': ['Registered Manager']}]}]","[{'name': 'Homecare agencies', 'description': 'Domiciliary care service'}]"
1-11492774691,1-8901614165,LOD Care and Case Management Ltd,Registered,2021-10-20,Mount Pleasant House,Tonbridge,,South East,TN12 9AG,07812524906,Kent,0.0,Not rated,,"[{'name': 'Personal care', 'code': 'RA1', 'contacts': [{'personTitle': 'Mrs', 'personGivenName': 'Lucinda Jane', 'personFamilyName': 'Ongley-Dellar', 'personRoles': ['Registered Manager']}]}, {'name': 'Treatment of disease, disorder or injury', 'code': 'RA5', 'contacts': [{'personTitle': 'Mrs', 'personGivenName': 'Lucinda Jane', 'personFamilyName': 'Ongley-Dellar', 'personRoles': ['Registered Manager']}]}]","[{'name': 'Homecare agencies', 'description': 'Domiciliary care service'}]"
1-11672985486,1-10955457205,Positive Solutions Kent CIC,Registered,2021-09-21,31 The Oaks,Ramsgate,,South East,CT12 5FN,,Kent,0.0,Not rated,,"[{'name': 'Personal care', 'code': 'RA1', 'contacts': [{'personTitle': 'Ms', 'personGivenName': 'Deborah', 'personFamilyName': 'Todd', 'personRoles': ['Registered Manager']}]}]","[{'name': 'Homecare agencies', 'description': 'Domiciliary care service'}]"
1-11673633571,1-5597146368,Atman Care,Registered,2021-09-21,6 Finchley Close,Dartford,,South East,DA1 1XR,07732686770,Kent,0.0,Not rated,,"[{'name': 'Personal care', 'code': 'RA1', 'contacts': [{'personTitle': 'Ms', 'personGivenName': 'Nilu', 'personFamilyName': 'Singh', 'personRoles': ['Registered Manager']}]}, {'name': 'Treatment of disease, disorder or injury', 'code': 'RA5', 'contacts': []}]","[{'name': 'Homecare agencies', 'description': 'Domiciliary care service'}, {'name': 'Supported living', 'description': 'Supported living service'}]"
1-116961317,1-101675513,Thorndene,Registered,2010-11-25,Canterbury Road,Dover,Kent,South East,CT15 7HZ,01303892244,Kent,17.0,Not rated,,"[{'name': 'Personal care', 'code': 'RA1', 'contacts': [{'personTitle': 'Mrs', 'personGivenName': 'Lucie Victoria Alice', 'personFamilyName': 'Deane', 'personRoles': ['Registered Manager']}]}, {'name': 'Accommodation for persons who require nursing or personal care', 'code': 'RA2', 'contacts': [{'personTitle': 'Mrs', 'personGivenName': 'Lucie Victoria Alice', 'personFamilyName': 'Deane', 'personRoles': ['Registered Manager']}]}]","[{'name': 'Residential homes', 'description': 'Care home service without nursing'}, {'name': 'Supported living', 'description': 'Supported living service'}]"
1-117049912,1-101640543,Camelot Lodge,Registered,2010-11-03,19 Christchurch Road,Folkestone,Kent,South East,CT20 2SL,01303251215,Kent,10.0,Good,2018-02-20,"[{'name': 'Personal care', 'code': 'RA1', 'contacts': [{'personTitle': 'Mrs', 'personGivenName': 'Lisa Marie', 'personFamilyName': 'Taylor', 'personRoles': ['Registered Manager']}]}, {'name': 'Accommodation for persons who require nursing or personal care', 'code': 'RA2', 'contacts': [{'personTitle': 'Mrs', 'personGivenName': 'Lisa Marie', 'personFamilyName': 'Taylor', 'personRoles': ['Registered Manager']}]}]","[{'name': 'Residential homes', 'description': 'Care home service without nursing'}, {'name': 'Homecare agencies', 'description': 'Domiciliary care service'}]"
1-11718784147,1-10591241729,Parisse Care Consulting Limited,Registered,2021-10-26,Swanley Civic Centre,Swanley,,South East,BR8 7BU,07877579670,Kent,0.0,Not rated,,"[{'name': 'Personal care', 'code': 'RA1', 'contacts': [{'personTitle': 'Mr', 'personGivenName': 'Patrick Omoriyekemwen', 'personFamilyName': 'Imafidon', 'personRoles': ['Registered Manager']}]}]","[{'name': 'Homecare agencies', 'description': 'Domiciliary care service'}]"
1-11726093188,1-10452194845,Open Doors Healthcare Services Ltd,Registered,2021-10-04,F01 Knightrider House,Maidstone,,South East,ME15 6LU,07598724339,Kent,0.0,Not rated,,"[{'name': 'Personal care', 'code': 'RA1', 'contacts': [{'personTitle': 'Miss', 'personGivenName': 'Sophia', 'personFamilyName': 'Ziso', 'personRoles': ['Registered Manager']}]}]","[{'name': 'Homecare agencies', 'description': 'Domiciliary care service'}, {'name': 'Supported living', 'description': 'Supported living service'}]"
1-11745102196,1-935571070,Nexus Programme,Registered,2021-10-04,Bournewood Stores,Ashford,,South East,TN26 2HN,,Kent,0.0,Good,2023-02-16,"[{'name': 'Personal care', 'code': 'RA1', 'contacts': [{'personTitle': 'Mr', 'personGivenName': 'Teodor-Raul', 'personFamilyName': 'Ilies', 'personRoles': ['Registered Manager']}]}]","[{'name': 'Supported living', 'description': 'Supported living service'}]"
1-118024554,1-101723348,Sunnybanks Home Care Service,Registered,2010-12-10,Little Basing,Cowden,Kent,South East,TN8 7JU,07837406810,Kent,0.0,Requires improvement,2019-07-05,"[{'name': 'Personal care', 'code': 'RA1', 'contacts': []}]","[{'name': 'Homecare agencies', 'description': 'Domiciliary care service'}]"
1-118568862,1-101648925,ComCare,Registered,2011-01-21,Lower Herne Road,Herne Bay,Kent,South East,CT6 7NE,01227365887,Kent,0.0,Good,2023-02-25,"[{'name': 'Personal care', 'code': 'RA1', 'contacts': [{'personTitle': 'Mrs', 'personGivenName': 'Joanna', 'personFamilyName': 'Preece', 'personRoles': ['Registered Manager']}]}]","[{'name': 'Homecare agencies', 'description': 'Domiciliary care service'}]"
1-118877200,1-101677449,LDC Supported Living,Registered,2011-01-28,109 Barton Road,Dover,,South East,CT16 2LX,01303276000,Kent,0.0,Not rated,,"[{'name': 'Personal care', 'code': 'RA1', 'contacts': [{'personTitle': 'Mrs', 'personGivenName': 'Lara Elizabeth', 'personFamilyName': 'Bywater', 'personRoles': ['Registered Manager']}, {'personTitle': 'Miss', 'personGivenName': 'Bethany Grace', 'personFamilyName': 'Hatcher', 'personRoles': ['Registered Manager']}, {'personTitle': 'Mrs', 'personGivenName': 'Sharleen Marie', 'personFamilyName': 'Ruthven', 'personRoles': ['Registered Manager']}]}]","[{'name': 'Supported living', 'description': 'Supported living service'}]"
1-118901967,1-101703352,Maylands,Registered,2011-01-21,Grosvenor Road,Whitstable,Kent,South East,CT5 4NN,01227770232,Kent,18.0,Requires improvement,2021-12-01,"[{'name': 'Personal care', 'code': 'RA1', 'contacts': [{'personTitle': 'Mrs', 'personGivenName': 'Amy Rose', 'personFamilyName': 'Puttick', 'personRoles': ['Registered Manager']}]}, {'name': 'Accommodation for persons who require nursing or personal care', 'code': 'RA2', 'contacts': [{'personTitle': 'Mrs', 'personGivenName': 'Amy Rose', 'personFamilyName': 'Puttick', 'personRoles': ['Registered Manager']}]}]","[{'name': 'Residential homes', 'description': 'Care home service without nursing'}, {'name': 'Supported living', 'description': 'Supported living service'}]"
1-11909397939,1-5232257720,Vila Homecare,Registered,2021-11-12,Endeavour House,Dartford,,South East,DA1 2EN,02033717015,Kent,0.0,Good,2022-12-31,"[{'name': 'Personal care', 'code': 'RA1', 'contacts': [{'personTitle': 'Mr', 'personGivenName': 'Tomisin Peters', 'personFamilyName': 'Adewumi', 'personRoles': ['Registered Manager']}, {'personTitle': 'Mr', 'personGivenName': 'Gagan Deep Jagdish Lal', 'personFamilyName': 'Lamba', 'personRoles': ['Registered Manager']}]}]","[{'name': 'Homecare agencies', 'description': 'Domiciliary care service'}, {'name': 'Supported living', 'description': 'Supported living service'}]"
1-119183359,1-101723393,Direct Care (Kent),Registered,2010-12-06,20 High Street,Snodland,Kent,South East,ME6 5DF,01634242499,Kent,,Good,2021-06-19,"[{'name': 'Personal care', 'code': 'RA1', 'contacts': [{'personTitle': 'Mrs', 'personGivenName': 'Kellie', 'personFamilyName': 'Smitherman', 'personRoles': ['Registered Manager']}, {'personTitle': 'Mrs', 'personGivenName': 'Stephanie', 'personFamilyName': 'Woodger', 'personRoles': ['Registered Manager']}]}]","[{'name': 'Homecare agencies', 'description': 'Domiciliary care service'}]"
1-11958778286,1-10447871795,Kevin Cross Case Management Ltd,Registered,2021-12-13,"Unit 6, Ringles Business Park",Ashford,,South East,TN27 9LY,07808845985,Kent,0.0,Not rated,,"[{'name': 'Personal care', 'code': 'RA1', 'contacts': [{'personTitle': 'Mr', 'personGivenName': 'Kevin Charles', 'personFamilyName': 'Cross', 'personRoles': ['Registered Manager']}]}]","[{'name': 'Homecare agencies', 'description': 'Domiciliary care service'}]"
1-11984983358,1-10794429703,PentaCare (West Kent),Registered,2021-12-07,2 The Square,Sevenoaks,Kent,South East,TN13 2AA,01732905405,Kent,0.0,Requires improvement,2023-02-24,"[{'name': 'Personal care', 'code': 'RA1', 'contacts': [{'personTitle': 'Mrs', 'personGivenName': 'Marie Desiree Emilie Gaelle', 'personFamilyName': 'Dumont', 'personRoles': ['Registered Manager']}]}]","[{'name': 'Homecare agencies', 'description': 'Domiciliary care service'}]"
1-120065835,1-101721352,Here2Care (Dartford),Registered,2011-01-07,"Suites 3.1, 3.3 & 4.2, First Floor office Suite",Dartford,,South East,DA1 5BU,01322225513,Kent,0.0,Good,2020-12-16,"[{'name': 'Personal care', 'code': 'RA1', 'contacts': [{'personTitle': 'Mr', 'personGivenName': 'Mark Terence', 'personFamilyName': 'Bradley', 'personRoles': ['Registered Manager']}]}]","[{'name': 'Homecare agencies', 'description': 'Domiciliary care service'}]"
1-120635041,1-102642772,Pelham Road,Registered,2011-01-10,94 Pelham Road,Gravesend,Kent,South East,DA11 0JB,01474321079,Kent,0.0,Good,2019-10-02,"[{'name': 'Personal care', 'code': 'RA1', 'contacts': [{'personTitle': 'Mrs', 'personGivenName': 'Deborah', 'personFamilyName': 'White', 'personRoles': ['Registered Manager']}]}]","[{'name': 'Supported living', 'description': 'Supported living service'}]"
1-12069439966,1-11086270425,Haven Solutionz Ltd.,Registered,2021-12-14,2a 64,Dartford,,South East,DA1 1BX,02080506039,Kent,0.0,Good,2023-05-23,"[{'name': 'Personal care', 'code': 'RA1', 'contacts': [{'personTitle': 'Ms', 'personGivenName': 'Emilia Nneka', 'personFamilyName': 'Ugwu', 'personRoles': ['Registered Manager']}]}]","[{'name': 'Homecare agencies', 'description': 'Domiciliary care service'}, {'name': 'Supported living', 'description': 'Supported living service'}]"
1-120788654,1-101666913,Consultus Care And Nursing Ltd,Registered,2010-12-01,4 London Road,Tonbridge,,South East,TN10 3AB,01732355231,Kent,0.0,Good,2019-02-20,"[{'name': 'Personal care', 'code': 'RA1', 'contacts': [{'personTitle': 'Mrs', 'personGivenName': 'Laura Jane', 'personFamilyName': 'Cooper', 'personRoles': ['Registered Manager']}]}, {'name': 'Treatment of disease, disorder or injury', 'code': 'RA5', 'contacts': [{'personTitle': 'Mrs', 'personGivenName': 'Laura Jane', 'personFamilyName': 'Cooper', 'personRoles': ['Registered Manager']}]}]","[{'name': 'Community services - Nursing', 'description': 'Community health care services - Nurses Agency only'}, {'name': 'Homecare agencies', 'description': 'Domiciliary care service'}, {'name': 'Rehabilitation (illness/injury)', 'description': 'Rehabilitation services'}]"
1-12174621096,1-11759540195,Courage Healthcare Ltd,Registered,2021-12-10,Office G02,Ashford,,South East,TN24 8DF,,Kent,0.0,Not rated,,"[{'name': 'Personal care', 'code': 'RA1', 'contacts': [{'personTitle': 'Mrs', 'personGivenName': 'Majorrie', 'personFamilyName': 'Mangono', 'personRoles': ['Registered Manager']}]}]","[{'name': 'Supported living', 'description': 'Supported living service'}]"
1-121788906,1-101666384,Birchwood Care Services,Registered,2011-01-31,Birchwood House,Speldhurst,Kent,South East,TN3 0TU,01892863710,Kent,0.0,Requires improvement,2023-05-19,"[{'name': 'Personal care', 'code': 'RA1', 'contacts': [{'personTitle': 'Ms', 'personGivenName': 'Jackie Louise', 'personFamilyName': 'Napier', 'personRoles': ['Registered Manager']}]}]","[{'name': 'Homecare agencies', 'description': 'Domiciliary care service'}]"
1-12247986062,1-10711486257,Caremark (Sevenoaks & Tandridge),Registered,2021-12-22,"8C, The Old Yard, Rectory Lane",Westerham,,South East,TN16 1JR,01732446147,Kent,0.0,Good,2023-03-14,"[{'name': 'Personal care', 'code': 'RA1', 'contacts': []}]","[{'name': 'Homecare agencies', 'description': 'Domiciliary care service'}]"
1-12292063139,1-10058658365,Gravity Care Services Ltd,Registered,2021-12-31,11 Leechcroft Avenue,Swanley,,South East,BR8 8AP,,Kent,0.0,Not rated,,"[{'name': 'Personal care', 'code': 'RA1', 'contacts': [{'personTitle': 'Ms', 'personGivenName': 'Primrose Theressa Hamunyari', 'personFamilyName': 'Nyakupinda', 'personRoles': ['Registered Manager']}]}]","[{'name': 'Homecare agencies', 'description': 'Domiciliary care service'}, {'name': 'Supported living', 'description': 'Supported living service'}]"
1-123006986,1-102642990,United Response - Kent DCA,Registered,2010-12-06,"Office 3, Ingles Manor",Folkestone,,South East,CT20 2RD,01303270024,Kent,,Good,2018-12-28,"[{'name': 'Personal care', 'code': 'RA1', 'contacts': [{'personTitle': 'Miss', 'personGivenName': 'Senet', 'personFamilyName': 'Yohannes', 'personRoles': ['Registered Manager']}]}]","[{'name': 'Homecare agencies', 'description': 'Domiciliary care service'}]"
1-12331421527,1-11853245046,New Option Support Limited - Main Office,Registered,2022-01-17,The Old Rectory,Gravesend,,South East,DA11 8HN,07907824987,Kent,0.0,Not rated,,"[{'name': 'Personal care', 'code': 'RA1', 'contacts': [{'personTitle': 'Mrs', 'personGivenName': 'Opeyemi Oluwatosin', 'personFamilyName': 'Ayodele', 'personRoles': ['Registered Manager']}]}]","[{'name': 'Homecare agencies', 'description': 'Domiciliary care service'}, {'name': 'Supported living', 'description': 'Supported living service'}]"
1-1233784741,1-1126093531,Burham Court,Registered,2014-02-05,Burham,Rochester,Kent,South East,ME1 3XX,01634869200,Kent,0.0,Good,2018-05-25,"[{'name': 'Personal care', 'code': 'RA1', 'contacts': []}]","[{'name': 'Homecare agencies', 'description': 'Domiciliary care service'}]"
1-123789584,1-101666877,Royal British Veterans Enterprise Care Agency,Registered,2011-01-19,"Royal British Veterans Enterprise Care Agency,",Aylesford,,South East,ME20 7SU,01622717463,Kent,0.0,Good,2018-12-29,"[{'name': 'Personal care', 'code': 'RA1', 'contacts': [{'personTitle': 'Mrs', 'personGivenName': 'Frances Anne', 'personFamilyName': 'English', 'personRoles': ['Registered Manager']}]}]","[{'name': 'Homecare agencies', 'description': 'Domiciliary care service'}, {'name': 'Supported housing', 'description': 'Extra Care housing services'}]"
1-12402779742,1-11583808814,Seniors Helping Seniors,Registered,2022-01-24,18 Orchard Street,Canterbury,Kent,South East,CT2 8AP,01227454900,Kent,0.0,Good,2023-05-05,"[{'name': 'Personal care', 'code': 'RA1', 'contacts': []}]","[{'name': 'Homecare agencies', 'description': 'Domiciliary care service'}]"
1-12419394799,1-12131724285,Home Instead Canterbury,Registered,2022-01-19,"3 Jubilee Way, Unit 1",Faversham,,South East,ME13 8GD,01227287911,Kent,0.0,Good,2023-05-04,"[{'name': 'Personal care', 'code': 'RA1', 'contacts': [{'personTitle': 'Miss', 'personGivenName': 'Karina Louise', 'personFamilyName': 'Johnson', 'personRoles': ['Registered Manager']}]}]","[{'name': 'Homecare agencies', 'description': 'Domiciliary care service'}]"
1-12452045403,1-11933874852,Care2Victory Services Ltd,Registered,2022-02-07,46 Dean Road,Sittingbourne,,South East,ME10 2DG,03300430565,Kent,0.0,Good,2023-04-29,"[{'name': 'Personal care', 'code': 'RA1', 'contacts': [{'personTitle': 'Ms', 'personGivenName': 'Becky', 'personFamilyName': 'Peters', 'personRoles': ['Registered Manager']}]}]","[{'name': 'Homecare agencies', 'description': 'Domiciliary care service'}, {'name': 'Supported living', 'description': 'Supported living service'}]"
1-12459568037,1-11015854191,Ezer Care Limited,Registered,2022-02-07,7 Viners Close,Sittingbourne,,South East,ME10 4QZ,01322223488,Kent,0.0,Not rated,,"[{'name': 'Personal care', 'code': 'RA1', 'contacts': [{'personTitle': 'Mrs', 'personGivenName': 'Olukemi Tolulola', 'personFamilyName': 'Abidemi', 'personRoles': ['Registered Manager']}]}]","[{'name': 'Homecare agencies', 'description': 'Domiciliary care service'}]"
1-12465104017,1-11904873195,Blanche Caring Heart Ltd,Registered,2022-02-08,"Flat 13, Carl Ekman House",Gravesend,,South East,DA11 9PN,07473639396,Kent,0.0,Not rated,,"[{'name': 'Personal care', 'code': 'RA1', 'contacts': [{'personTitle': 'Ms', 'personGivenName': 'Blanche Adele', 'personFamilyName': 'Bongo', 'personRoles': ['Registered Manager']}]}]","[{'name': 'Homecare agencies', 'description': 'Domiciliary care service'}]"
1-124663811,1-101654221,Harbour Care Home,Registered,2010-11-30,139 The Broadway,Herne Bay,Kent,South East,CT6 8HY,01227741940,Kent,12.0,Good,2019-05-10,"[{'name': 'Personal care', 'code': 'RA1', 'contacts': [{'personTitle': 'Mrs', 'personGivenName': 'Claire', 'personFamilyName': 'Garcia', 'personRoles': ['Registered Manager']}]}, {'name': 'Accommodation for persons who require nursing or personal care', 'code': 'RA2', 'contacts': [{'personTitle': 'Mrs', 'personGivenName': 'Claire', 'personFamilyName': 'Garcia', 'personRoles': ['Registered Manager']}]}]","[{'name': 'Residential homes', 'description': 'Care home service without nursing'}, {'name': 'Homecare agencies', 'description': 'Domiciliary care service'}, {'name': 'Supported living', 'description': 'Supported living service'}]"
1-124720358,1-101679827,Angels Homecare Kent Ltd,Registered,2010-12-13,Watson House,Maidstone,,South East,ME16 0LS,01622715500,Kent,,Good,2019-03-28,"[{'name': 'Personal care', 'code': 'RA1', 'contacts': [{'personTitle': 'Miss', 'personGivenName': 'Michelle', 'personFamilyName': 'Lyndon', 'personRoles': ['Registered Manager']}]}]","[{'name': 'Homecare agencies', 'description': 'Domiciliary care service'}]"
1-12554095952,1-11386060818,Bellus Care and Support,Registered,2022-02-09,"Tuppence House, Brickfield Farm",Longfield,,South East,DA3 7PJ,03302236294,Kent,0.0,Not rated,,"[{'name': 'Personal care', 'code': 'RA1', 'contacts': []}]","[{'name': 'Homecare agencies', 'description': 'Domiciliary care service'}]"
1-125644806,1-101639856,Community Lifeline,Registered,2010-12-13,59 Station Road,Longfield,Kent,South East,DA3 7QA,01474709000,Kent,0.0,Good,2019-07-18,"[{'name': 'Personal care', 'code': 'RA1', 'contacts': [{'personTitle': 'Mrs', 'personGivenName': 'Maria Jacqueline', 'personFamilyName': 'Hanson', 'personRoles': ['Registered Manager']}]}]","[{'name': 'Homecare agencies', 'description': 'Domiciliary care service'}, {'name': 'Supported living', 'description': 'Supported living service'}]"
1-125728290,1-101671512,Canterbury,Registered,2011-01-14,"Unit 88, Thomas Way",Canterbury,Kent,South East,CT3 4NH,01227712300,Kent,0.0,Good,2019-04-11,"[{'name': 'Personal care', 'code': 'RA1', 'contacts': [{'personTitle': 'Mr', 'personGivenName': 'Leon Robert Mark', 'personFamilyName': 'Collins', 'personRoles': ['Registered Manager']}]}]","[{'name': 'Homecare agencies', 'description': 'Domiciliary care service'}]"
1-125744411,1-101671512,Dover,Registered,2011-01-14,"1st Floor, 25 Castle Street",Dover,Kent,South East,CT16 1PT,01304240424,Kent,0.0,Good,2019-05-31,"[{'name': 'Personal care', 'code': 'RA1', 'contacts': [{'personTitle': 'Mr', 'personGivenName': 'Leon Robert Mark', 'personFamilyName': 'Collins', 'personRoles': ['Registered Manager']}]}]","[{'name': 'Homecare agencies', 'description': 'Domiciliary care service'}]"
1-5514374503,1-5204157850,Folkestone Home Care,Registered,2018-09-20,"Unit 11, The Glenmore Centre",Folkestone,,South East,CT19 4RJ,01303394100,Kent,0.0,Good,2019-11-07,"[{'name': 'Personal care', 'code': 'RA1', 'contacts': [{'personTitle': 'Ms', 'personGivenName': 'Emma Elizabeth', 'personFamilyName': 'Hanwell', 'personRoles': ['Registered Manager']}]}]","[{'name': 'Homecare agencies', 'description': 'Domiciliary care service'}]"
1-5522447704,1-5315054412,Clarity Homecare Ashford,Registered,2018-08-15,"Bizspace, The Cobalt Building",Ashford,,South East,TN25 4BF,01233510107,Kent,0.0,Good,2022-11-10,"[{'name': 'Personal care', 'code': 'RA1', 'contacts': [{'personTitle': 'Ms', 'personGivenName': 'Oyeladun Oyeyemi Vivian', 'personFamilyName': 'Kuteyi', 'personRoles': ['Registered Manager']}]}]","[{'name': 'Homecare agencies', 'description': 'Domiciliary care service'}, {'name': 'Supported living', 'description': 'Supported living service'}]"
1-5559102802,1-4806662779,Fam Daily Care Ltd,Registered,2018-08-01,Regus House 340,Dartford,,South East,DA2 6QD,,Kent,0.0,Not rated,,"[{'name': 'Personal care', 'code': 'RA1', 'contacts': []}]","[{'name': 'Homecare agencies', 'description': 'Domiciliary care service'}, {'name': 'Supported living', 'description': 'Supported living service'}]"
1-5612614740,1-5353532850,Ashford Personnel and Solutions Limited,Registered,2018-08-29,First Floor (Left),Ashford,,South East,TN23 7TS,01233877400,Kent,0.0,Good,2021-12-01,"[{'name': 'Personal care', 'code': 'RA1', 'contacts': [{'personTitle': 'Mr', 'personGivenName': 'Paul Anthony Kinuthia', 'personFamilyName': 'Kanja', 'personRoles': ['Registered Manager']}]}]","[{'name': 'Homecare agencies', 'description': 'Domiciliary care service'}, {'name': 'Supported living', 'description': 'Supported living service'}]"
1-5617750075,1-5488264526,Haven247 Healthcare Limited,Registered,2018-09-28,Unit 37 City Arms House,Dartford,,South East,DA2 6BH,07810597041,Kent,0.0,Good,2021-07-30,"[{'name': 'Personal care', 'code': 'RA1', 'contacts': [{'personTitle': 'Ms', 'personGivenName': 'Beauty Pazwiri', 'personFamilyName': 'Mupeto', 'personRoles': ['Registered Manager']}]}, {'name': 'Treatment of disease, disorder or injury', 'code': 'RA5', 'contacts': [{'personTitle': 'Ms', 'personGivenName': 'Beauty Pazwiri', 'personFamilyName': 'Mupeto', 'personRoles': ['Registered Manager']}]}]","[{'name': 'Homecare agencies', 'description': 'Domiciliary care service'}]"
1-5678985497,1-139035676,Kent SCP (Bowles Lodge),Registered,2018-08-29,Bowles Lodge,Cranbrook,,South East,TN18 4HT,01580755819,Kent,0.0,Good,2019-10-12,"[{'name': 'Personal care', 'code': 'RA1', 'contacts': []}]","[{'name': 'Homecare agencies', 'description': 'Domiciliary care service'}, {'name': 'Supported housing', 'description': 'Extra Care housing services'}]"
1-5684305301,1-101671690,Helping Hands Dartford,Registered,2018-08-30,7 Copperfields,Dartford,,South East,DA1 2DE,01322921343,Kent,0.0,Good,2019-09-07,"[{'name': 'Personal care', 'code': 'RA1', 'contacts': [{'personTitle': 'Miss', 'personGivenName': 'Adele Oluwatumise', 'personFamilyName': 'Adeyemi', 'personRoles': ['Registered Manager']}]}, {'name': 'Treatment of disease, disorder or injury', 'code': 'RA5', 'contacts': [{'personTitle': 'Miss', 'personGivenName': 'Adele Oluwatumise', 'personFamilyName': 'Adeyemi', 'personRoles': ['Registered Manager']}]}]","[{'name': 'Homecare agencies', 'description': 'Domiciliary care service'}]"
1-569529381,1-101641620,Age UK Maidstone,Registered,2013-02-01,7 Mill Street,Maidstone,Kent,South East,ME15 6XW,01622753618,Kent,0.0,Good,2017-09-06,"[{'name': 'Personal care', 'code': 'RA1', 'contacts': [{'personTitle': 'Mrs', 'personGivenName': 'Louise Hayley', 'personFamilyName': 'Macpherson', 'personRoles': ['Registered Manager']}]}]","[{'name': 'Homecare agencies', 'description': 'Domiciliary care service'}]"
1-5858692341,1-101615228,The Annexe,Registered,2018-10-16,62 Madeira Road,Margate,,South East,CT9 2QQ,01843227173,Kent,0.0,Good,2019-11-14,"[{'name': 'Personal care', 'code': 'RA1', 'contacts': [{'personTitle': 'Mrs', 'personGivenName': 'Sarah Jayne', 'personFamilyName': 'Boardman', 'personRoles': ['Registered Manager']}]}]","[{'name': 'Supported living', 'description': 'Supported living service'}]"
1-597741634,1-586793554,Telegraph House,Registered,2013-03-19,97 Telegraph Road,Deal,Kent,South East,CT14 9DF,01304369031,Kent,0.0,Good,2019-05-08,"[{'name': 'Personal care', 'code': 'RA1', 'contacts': []}]","[{'name': 'Supported living', 'description': 'Supported living service'}]"
1-5995861494,1-5964436917,Vitality Home Health Gravesham & Dartford,Registered,2018-11-16,50 The Grove,Gravesend,,South East,DA12 1DP,01474240909,Kent,0.0,Good,2019-11-22,"[{'name': 'Personal care', 'code': 'RA1', 'contacts': []}, {'name': 'Treatment of disease, disorder or injury', 'code': 'RA5', 'contacts': []}]","[{'name': 'Homecare agencies', 'description': 'Domiciliary care service'}]"
1-6003858710,1-101666232,Community Support Services,Registered,2018-11-29,Highland Farm,Ashford,,South East,TN26 3RJ,01233861516,Kent,0.0,Requires improvement,2023-04-19,"[{'name': 'Personal care', 'code': 'RA1', 'contacts': [{'personTitle': 'Ms', 'personGivenName': 'Victoria', 'personFamilyName': 'Wardrope', 'personRoles': ['Registered Manager']}]}]","[{'name': 'Homecare agencies', 'description': 'Domiciliary care service'}]"
1-6018199673,1-101682980,Superior Healthcare,Registered,2018-11-22,"Gazette House, 5-8 Estuary View Business Park",Whitstable,,South East,CT5 3SE,01227771133,Kent,0.0,Good,2023-08-01,"[{'name': 'Personal care', 'code': 'RA1', 'contacts': [{'personTitle': 'Mrs', 'personGivenName': 'Adele', 'personFamilyName': 'Hathorn', 'personRoles': ['Registered Manager']}, {'personTitle': 'Ms', 'personGivenName': 'Susana Magdalena', 'personFamilyName': 'Lucatero Ramirez', 'personRoles': ['Registered Manager']}]}, {'name': 'Treatment of disease, disorder or injury', 'code': 'RA5', 'contacts': [{'personTitle': 'Mrs', 'personGivenName': 'Adele', 'personFamilyName': 'Hathorn', 'personRoles': ['Registered Manager']}, {'personTitle': 'Ms', 'personGivenName': 'Susana Magdalena', 'personFamilyName': 'Lucatero Ramirez', 'personRoles': ['Registered Manager']}]}]","[{'name': 'Homecare agencies', 'description': 'Domiciliary care service'}]"
1-608368256,1-101721009,"Care at Home Services (South East) Limited – Canterbury, Herne Bay and Whitstable",Registered,2013-03-09,Kent Enterprise House,Herne Bay,Kent,South East,CT6 7GQ,01277375706,Kent,0.0,Requires improvement,2023-06-24,"[{'name': 'Personal care', 'code': 'RA1', 'contacts': [{'personTitle': 'Ms', 'personGivenName': 'Laura Jane', 'personFamilyName': 'Foster', 'personRoles': ['Registered Manager']}]}]","[{'name': 'Homecare agencies', 'description': 'Domiciliary care service'}]"
1-6088137470,1-5732820540,MRJ Care Ltd t/a MAUCARE Services,Registered,2018-11-27,56 Arthur Street,Gravesend,,South East,DA11 0PR,01322466578,Kent,0.0,Good,2019-12-03,"[{'name': 'Personal care', 'code': 'RA1', 'contacts': [{'personTitle': 'Ms', 'personGivenName': 'Siew Wai', 'personFamilyName': 'Chang', 'personRoles': ['Registered Manager']}]}]","[{'name': 'Homecare agencies', 'description': 'Domiciliary care service'}, {'name': 'Supported living', 'description': 'Supported living service'}]"
1-6274970784,1-101671690,Helping Hands Tunbridge Wells,Registered,2019-01-10,42 Monson Road,Tunbridge Wells,,South East,TN1 1LU,01892335234,Kent,0.0,Good,2020-01-23,"[{'name': 'Personal care', 'code': 'RA1', 'contacts': [{'personTitle': 'Mrs', 'personGivenName': 'Sarah Jane', 'personFamilyName': 'Pennington', 'personRoles': ['Registered Manager']}]}, {'name': 'Treatment of disease, disorder or injury', 'code': 'RA5', 'contacts': [{'personTitle': 'Mrs', 'personGivenName': 'Sarah Jane', 'personFamilyName': 'Pennington', 'personRoles': ['Registered Manager']}]}]","[{'name': 'Homecare agencies', 'description': 'Domiciliary care service'}]"
1-6291632382,1-101671690,Helping Hands Ramsgate,Registered,2019-02-25,7 York Street,Ramsgate,,South East,CT11 9DS,01843267207,Kent,0.0,Good,2020-02-26,"[{'name': 'Personal care', 'code': 'RA1', 'contacts': [{'personTitle': 'Mrs', 'personGivenName': 'Nadine Sylvia', 'personFamilyName': 'Daniels', 'personRoles': ['Registered Manager']}]}, {'name': 'Treatment of disease, disorder or injury', 'code': 'RA5', 'contacts': [{'personTitle': 'Mrs', 'personGivenName': 'Nadine Sylvia', 'personFamilyName': 'Daniels', 'personRoles': ['Registered Manager']}]}]","[{'name': 'Homecare agencies', 'description': 'Domiciliary care service'}]"
1-629801401,1-101675406,New Horizons Broad Oak Limited,Registered,2013-03-04,Unit 3,Margate,,South East,CT9 4NN,01843295680,Kent,0.0,Good,2021-10-15,"[{'name': 'Personal care', 'code': 'RA1', 'contacts': [{'personTitle': 'Miss', 'personGivenName': 'Karen Anne', 'personFamilyName': 'Atkinson', 'personRoles': ['Registered Manager']}]}]","[{'name': 'Homecare agencies', 'description': 'Domiciliary care service'}]"
1-6467591827,1-101671451,Care in Kent Limited,Registered,2019-03-18,"Unit 7, Evegate Business Park",Ashford,,South East,TN25 6SX,01233619530,Kent,0.0,Good,2020-04-01,"[{'name': 'Personal care', 'code': 'RA1', 'contacts': [{'personTitle': 'Mrs', 'personGivenName': 'Anne-Marie', 'personFamilyName': 'South', 'personRoles': ['Registered Manager']}]}]","[{'name': 'Homecare agencies', 'description': 'Domiciliary care service'}, {'name': 'Supported living', 'description': 'Supported living service'}]"
1-6473140556,1-6399010850,MyLife (Kent),Registered,2019-04-16,Suite 1b,Canterbury,,South East,CT2 8AJ,01227937780,Kent,0.0,Good,2022-06-30,"[{'name': 'Personal care', 'code': 'RA1', 'contacts': []}]","[{'name': 'Homecare agencies', 'description': 'Domiciliary care service'}]"
1-6725678743,1-6101300208,Everlasting Arms3327 Care Pvt Ltd,Registered,2019-04-17,Regus House,Dartford,Kent,South East,DA2 6QD,01322322033,Kent,0.0,Good,2021-07-24,"[{'name': 'Personal care', 'code': 'RA1', 'contacts': [{'personTitle': 'Mr', 'personGivenName': 'Nhamoinesu', 'personFamilyName': 'Matsvimbo', 'personRoles': ['Registered Manager']}, {'personTitle': 'Ms', 'personGivenName': 'Mercy Tsitsi', 'personFamilyName': 'Mutsani', 'personRoles': ['Registered Manager']}]}]","[{'name': 'Homecare agencies', 'description': 'Domiciliary care service'}]"
1-6782068172,1-6515238824,Head Office,Registered,2019-04-25,16 Quincewood Gardens,Tonbridge,,South East,TN10 3LR,07725179645,Kent,0.0,Good,2022-01-05,"[{'name': 'Personal care', 'code': 'RA1', 'contacts': [{'personTitle': 'Mr', 'personGivenName': 'Joshua Aaron', 'personFamilyName': 'McLaverty', 'personRoles': ['Registered Manager']}]}]","[{'name': 'Homecare agencies', 'description': 'Domiciliary care service'}]"
1-6809927959,1-6376512337,Krystal Solutions Limited,Registered,2019-04-30,37 Coldharbour Lane,Sittingbourne,,South East,ME10 2RT,07886545877,Kent,0.0,Requires improvement,2022-04-26,"[{'name': 'Personal care', 'code': 'RA1', 'contacts': [{'personTitle': 'Mr', 'personGivenName': 'Uchenna Chibueze', 'personFamilyName': 'Nwosu', 'personRoles': ['Registered Manager']}]}]","[{'name': 'Homecare agencies', 'description': 'Domiciliary care service'}, {'name': 'Supported living', 'description': 'Supported living service'}]"
1-6852915315,1-5563356170,Gingerbread Office,Registered,2019-06-28,27a,Gravesend,,South East,DA11 9HU,01474536501,Kent,0.0,Good,2021-10-27,"[{'name': 'Personal care', 'code': 'RA1', 'contacts': [{'personTitle': 'Mrs', 'personGivenName': 'Emma Tracy Louise', 'personFamilyName': 'Carver', 'personRoles': ['Registered Manager']}]}]","[{'name': 'Supported living', 'description': 'Supported living service'}]"
1-685628104,1-663880974,No Place Like Home,Registered,2013-06-01,Syndale Park,Faversham,Kent,South East,ME13 0RH,01795597983,Kent,0.0,Outstanding,2019-04-05,"[{'name': 'Personal care', 'code': 'RA1', 'contacts': [{'personTitle': 'Ms', 'personGivenName': 'Kim', 'personFamilyName': 'Woodhouse', 'personRoles': ['Registered Manager']}]}]","[{'name': 'Homecare agencies', 'description': 'Domiciliary care service'}]"
1-693225980,1-102643104,HF Trust Hythe,Registered,2013-04-30,"Main Office,  Lympne Place",Hythe,Kent,South East,CT21 4PA,01303260453,Kent,0.0,Not rated,,"[{'name': 'Personal care', 'code': 'RA1', 'contacts': []}]","[{'name': 'Homecare agencies', 'description': 'Domiciliary care service'}, {'name': 'Supported living', 'description': 'Supported living service'}]"
1-7024077970,1-5928389591,St. Helens House,Registered,2019-06-14,21 St. Helens Road,Sheerness,,South East,ME12 2QY,07882710854,Kent,4.0,Requires improvement,2022-11-24,"[{'name': 'Personal care', 'code': 'RA1', 'contacts': [{'personTitle': 'Ms', 'personGivenName': 'Mobola Adetutu', 'personFamilyName': 'Ameen Kalejaiye', 'personRoles': ['Registered Manager']}]}, {'name': 'Accommodation for persons who require nursing or personal care', 'code': 'RA2', 'contacts': [{'personTitle': 'Ms', 'personGivenName': 'Mobola Adetutu', 'personFamilyName': 'Ameen Kalejaiye', 'personRoles': ['Registered Manager']}]}]","[{'name': 'Residential homes', 'description': 'Care home service without nursing'}, {'name': 'Homecare agencies', 'description': 'Domiciliary care service'}, {'name': 'Supported living', 'description': 'Supported living service'}]"
1-7040195056,1-6586327050,Prepare4care Ltd,Registered,2019-06-21,119A High Street,Margate,,South East,CT9 1JT,01843210257,Kent,0.0,Good,2021-11-17,"[{'name': 'Personal care', 'code': 'RA1', 'contacts': [{'personTitle': 'Miss', 'personGivenName': 'Sarah Jane', 'personFamilyName': 'Massaro', 'personRoles': ['Registered Manager']}]}]","[{'name': 'Homecare agencies', 'description': 'Domiciliary care service'}]"
1-7060366080,1-6818958845,Bethal Manna Care Ltd,Registered,2019-09-19,7 Dartford Business Park,Dartford,,South East,DA1 5FS,07790581289,Kent,0.0,Good,2021-12-21,"[{'name': 'Personal care', 'code': 'RA1', 'contacts': [{'personTitle': 'Mrs', 'personGivenName': 'Rindayi Emillianna', 'personFamilyName': 'Chimuka', 'personRoles': ['Registered Manager']}, {'personTitle': 'Mrs', 'personGivenName': 'Christina Cecilia', 'personFamilyName': 'Kasambira', 'personRoles': ['Registered Manager']}]}]","[{'name': 'Homecare agencies', 'description': 'Domiciliary care service'}, {'name': 'Supported living', 'description': 'Supported living service'}]"
1-7090612357,1-101671690,Helping Hands Folkestone,Registered,2019-07-17,"Unit 8, Town Walk",Folkestone,,South East,CT20 1DW,01303765223,Kent,0.0,Good,2021-10-27,"[{'name': 'Personal care', 'code': 'RA1', 'contacts': [{'personTitle': 'Mrs', 'personGivenName': 'Sarah Jane', 'personFamilyName': 'Pennington', 'personRoles': ['Registered Manager']}]}, {'name': 'Treatment of disease, disorder or injury', 'code': 'RA5', 'contacts': [{'personTitle': 'Mrs', 'personGivenName': 'Sarah Jane', 'personFamilyName': 'Pennington', 'personRoles': ['Registered Manager']}]}]","[{'name': 'Homecare agencies', 'description': 'Domiciliary care service'}]"
1-7162474256,1-6709911640,Caremark Maidstone,Registered,2019-07-11,22 County Road,Maidstone,,South East,ME14 1XJ,01622298345,Kent,0.0,Good,2021-08-26,"[{'name': 'Personal care', 'code': 'RA1', 'contacts': [{'personTitle': 'Mrs', 'personGivenName': 'Krystal Louise', 'personFamilyName': 'Parkes', 'personRoles': ['Registered Manager']}]}]","[{'name': 'Homecare agencies', 'description': 'Domiciliary care service'}]"
1-7193015011,1-6725655981,Expertise Homecare (South East Coast),Registered,2019-07-16,The Workshop 32-40,Folkestone,,South East,CT20 1JU,01303847442,Kent,0.0,Requires improvement,2021-11-26,"[{'name': 'Personal care', 'code': 'RA1', 'contacts': [{'personTitle': 'Miss', 'personGivenName': 'Zoe', 'personFamilyName': 'Dibble', 'personRoles': ['Registered Manager']}]}]","[{'name': 'Homecare agencies', 'description': 'Domiciliary care service'}]"
1-728298431,1-102643131,"Affinity Trust - Domiciliary Care Agency South East, Bedford and Northamptonshire",Registered,2013-05-22,Suite 2 & 3 Henwood Pavilion,Ashford,Kent,South East,TN24 8DH,01233665324,Kent,0.0,Good,2020-01-25,"[{'name': 'Personal care', 'code': 'RA1', 'contacts': [{'personTitle': 'Mr', 'personGivenName': 'Jake Robert', 'personFamilyName': 'Hawkes', 'personRoles': ['Registered Manager']}, {'personTitle': 'Mr', 'personGivenName': 'Andrew John', 'personFamilyName': 'Hinson', 'personRoles': ['Registered Manager']}, {'personTitle': 'Miss', 'personGivenName': 'Joanne', 'personFamilyName': 'Mitchell', 'personRoles': ['Registered Manager']}]}]","[{'name': 'Homecare agencies', 'description': 'Domiciliary care service'}]"
1-7445742052,1-101657904,Unity Care Solutions (Maidstone),Registered,2019-09-03,Unit 10,Maidstone,,South East,ME16 0LL,03333661020,Kent,0.0,Good,2022-09-22,"[{'name': 'Personal care', 'code': 'RA1', 'contacts': [{'personTitle': 'Mrs', 'personGivenName': 'Sarah Louise', 'personFamilyName': 'Boffa', 'personRoles': ['Registered Manager']}]}, {'name': 'Treatment of disease, disorder or injury', 'code': 'RA5', 'contacts': [{'personTitle': 'Mrs', 'personGivenName': 'Sarah Louise', 'personFamilyName': 'Boffa', 'personRoles': ['Registered Manager']}]}]","[{'name': 'Homecare agencies', 'description': 'Domiciliary care service'}]"
1-7452436596,1-6977737665,Futures for Shared Lives,Registered,2019-09-04,The Masters House,Maidstone,,South East,ME15 6YQ,01622760600,Kent,0.0,Not rated,,"[{'name': 'Personal care', 'code': 'RA1', 'contacts': [{'personTitle': 'Mrs', 'personGivenName': 'Joanne Rebecca', 'personFamilyName': 'Wilson', 'personRoles': ['Registered Manager']}]}]","[{'name': 'Community services - Mental Health', 'description': 'Community based services for people with mental health needs'}, {'name': 'Shared lives', 'description': 'Shared Lives'}]"
1-7688730540,1-7278062117,Caremark (Dover),Registered,2019-10-15,"Betteshangar Sustainable Parks, Unit 7, Almond House",Deal,,South East,CT14 0EN,01304892448,Kent,0.0,Good,2021-07-15,"[{'name': 'Personal care', 'code': 'RA1', 'contacts': [{'personTitle': 'Miss', 'personGivenName': 'Xana Louise', 'personFamilyName': 'Welch', 'personRoles': ['Registered Manager']}]}]","[{'name': 'Homecare agencies', 'description': 'Domiciliary care service'}]"
1-7701653348,1-101655644,Avondalecare (Kent) Limited,Registered,2019-10-18,Station House,Westgate On Sea,,South East,CT8 8QY,01843606511,Kent,0.0,Good,2023-06-29,"[{'name': 'Personal care', 'code': 'RA1', 'contacts': [{'personTitle': 'Mrs Mrs', 'personGivenName': 'Teresa Teresa', 'personFamilyName': 'Cannaby Cannaby', 'personRoles': ['Registered Manager']}]}]","[{'name': 'Homecare agencies', 'description': 'Domiciliary care service'}, {'name': 'Supported living', 'description': 'Supported living service'}]"
1-7760872086,1-101693325,Kent PBS Service,Registered,2019-12-13,Kestrel & Knightrider House,Maidstone,,South East,ME15 6LU,,Kent,0.0,Not rated,,"[{'name': 'Personal care', 'code': 'RA1', 'contacts': [{'personTitle': 'Ms', 'personGivenName': 'Donna Gail', 'personFamilyName': 'Prescott', 'personRoles': ['Registered Manager']}]}]","[{'name': 'Community services - Healthcare', 'description': 'Community healthcare service'}, {'name': 'Homecare agencies', 'description': 'Domiciliary care service'}, {'name': 'Community services - Learning disabilities', 'description': 'Community based services for people with a learning disability'}, {'name': 'Community services - Mental Health', 'description': 'Community based services for people with mental health needs'}, {'name': 'Supported living', 'description': 'Supported living service'}, {'name': 'Community services - Substance abuse', 'description': 'Community based services for people who misuse substances'}]"
1-7882444177,1-131475251,Beeches Homecare Services (Kent),Registered,2019-11-21,1st Floor,Whitstable,,South East,CT5 1DB,01227517840,Kent,0.0,Good,2021-12-04,"[{'name': 'Personal care', 'code': 'RA1', 'contacts': []}]","[{'name': 'Homecare agencies', 'description': 'Domiciliary care service'}]"
1-7985016750,1-7156776725,Serene Home Care Limited,Registered,2019-12-11,259 Old Road West,Gravesend,,South East,DA11 0LU,,Kent,0.0,Not rated,,"[{'name': 'Personal care', 'code': 'RA1', 'contacts': [{'personTitle': 'Mrs', 'personGivenName': 'Shorifa', 'personFamilyName': 'Khanom', 'personRoles': ['Registered Manager']}]}]","[{'name': 'Homecare agencies', 'description': 'Domiciliary care service'}]"
1-8134636039,1-6911952040,Best2 Care Ltd – Gravesend Office,Registered,2020-01-03,Office 9 Longferry House,Gravesend,,South East,DA11 0BH,01474632888,Kent,0.0,Not rated,,"[{'name': 'Personal care', 'code': 'RA1', 'contacts': [{'personTitle': 'Miss', 'personGivenName': 'Tayo Idayat', 'personFamilyName': 'Irawo', 'personRoles': ['Registered Manager']}]}]","[{'name': 'Homecare agencies', 'description': 'Domiciliary care service'}]"
1-8174579539,1-7566470444,Your Care,Registered,2020-01-17,166 High Street,Herne Bay,,South East,CT6 5AJ,01227230888,Kent,0.0,Good,2022-06-30,"[{'name': 'Personal care', 'code': 'RA1', 'contacts': [{'personTitle': 'Mrs', 'personGivenName': 'Joanna Louise', 'personFamilyName': 'Mitchell', 'personRoles': ['Registered Manager']}]}]","[{'name': 'Homecare agencies', 'description': 'Domiciliary care service'}]"
1-835246962,1-101696436,Wave Hill,Registered,2013-07-24,5 Salisbury Road,Dover,Kent,South East,CT15 6DL,07740512943,Kent,0.0,Good,2019-07-25,"[{'name': 'Personal care', 'code': 'RA1', 'contacts': []}]","[{'name': 'Homecare agencies', 'description': 'Domiciliary care service'}]"
1-8373713405,1-7740560999,Beersheba Social Care Services Limited,Registered,2020-03-11,G37 Crown House,Dartford,,South East,DA1 1DZ,07422666759,Kent,0.0,Not rated,,"[{'name': 'Personal care', 'code': 'RA1', 'contacts': [{'personTitle': 'Miss', 'personGivenName': 'Treasy Tendo Sobona', 'personFamilyName': 'Alexandra', 'personRoles': ['Registered Manager']}]}]","[{'name': 'Homecare agencies', 'description': 'Domiciliary care service'}]"
1-8519277696,1-7933370437,Confident Care 24/7,Registered,2020-03-11,98A Broad Street,Canterbury,Kent,South East,CT1 2LU,01227763450,Kent,0.0,Not rated,,"[{'name': 'Personal care', 'code': 'RA1', 'contacts': []}]","[{'name': 'Homecare agencies', 'description': 'Domiciliary care service'}, {'name': 'Supported living', 'description': 'Supported living service'}]"
1-8817429525,1-8361373557,Vitality Home Health (Sevenoaks),Registered,2020-04-30,"The Crown, 10 High Street",Sevenoaks,,South East,TN14 5PQ,01732755582,Kent,0.0,Good,2021-10-21,"[{'name': 'Personal care', 'code': 'RA1', 'contacts': [{'personTitle': 'Ms', 'personGivenName': 'Debra Joyce', 'personFamilyName': 'Moulton', 'personRoles': ['Registered Manager']}]}, {'name': 'Treatment of disease, disorder or injury', 'code': 'RA5', 'contacts': [{'personTitle': 'Ms', 'personGivenName': 'Debra Joyce', 'personFamilyName': 'Moulton', 'personRoles': ['Registered Manager']}]}]","[{'name': 'Homecare agencies', 'description': 'Domiciliary care service'}]"
1-8906225702,1-5064059060,MC Care,Registered,2020-05-18,"Unit 2, Concord House",Dartford,,South East,DA1 1UP,,Kent,0.0,Good,2022-11-04,"[{'name': 'Personal care', 'code': 'RA1', 'contacts': [{'personTitle': 'Mrs', 'personGivenName': 'Olusola Oladayo', 'personFamilyName': 'Oyedele', 'personRoles': ['Registered Manager']}]}]","[{'name': 'Homecare agencies', 'description': 'Domiciliary care service'}]"
1-8938884643,1-8617800520,CaringHeart Homecare LTD,Registered,2024-01-24,1 James Smith Court,Dartford,,South East,DA1 5XF,07908530056,Kent,0.0,Not rated,,"[{'name': 'Personal care', 'code': 'RA1', 'contacts': [{'personTitle': 'Miss', 'personGivenName': 'Natalie Gibson', 'personFamilyName': 'Beltramo', 'personRoles': ['Registered Manager']}]}]","[{'name': 'Homecare agencies', 'description': 'Domiciliary care service'}]"
1-8946175856,1-8378585632,Better Lives Supported Living LTD,Registered,2021-02-08,4 Smallhythe Close,Maidstone,,South East,ME15 8JJ,07931345958,Kent,0.0,Good,2022-05-18,"[{'name': 'Personal care', 'code': 'RA1', 'contacts': [{'personTitle': 'Mrs', 'personGivenName': 'Elizabeth Anne', 'personFamilyName': 'Salsbury', 'personRoles': ['Registered Manager']}]}]","[{'name': 'Supported living', 'description': 'Supported living service'}]"
1-9073911497,1-101721009,Beech Tree Total Care – Dover and Hythe,Registered,2020-06-23,43 High Street,Hythe,,South East,CT21 5AD,01303255452,Kent,0.0,Good,2022-04-21,"[{'name': 'Personal care', 'code': 'RA1', 'contacts': []}]","[{'name': 'Homecare agencies', 'description': 'Domiciliary care service'}]"
1-9104134215,1-8823279735,Kaplan Care Dartford,Registered,2020-07-15,The Hill Hub,Dartford,,South East,DA1 2JH,07301288822,Kent,0.0,Not rated,,"[{'name': 'Personal care', 'code': 'RA1', 'contacts': [{'personTitle': 'Mrs', 'personGivenName': 'Sheela', 'personFamilyName': 'Thapa', 'personRoles': ['Registered Manager']}]}]","[{'name': 'Homecare agencies', 'description': 'Domiciliary care service'}]"
1-9192207356,1-9048931214,Dependable Homecare LTD,Registered,2020-08-21,"118 Ellingham Industrial Centre, Ellingham Way",Ashford,,South East,TN23 6LZ,01233801747,Kent,0.0,Requires improvement,2022-08-23,"[{'name': 'Personal care', 'code': 'RA1', 'contacts': []}]","[{'name': 'Homecare agencies', 'description': 'Domiciliary care service'}]"
1-9304774101,1-101721009,"Care at Home Services (South East) Limited – Tonbridge, Tunbridge Wells and South West Kent",Registered,2020-08-06,Unit A,Tunbridge Wells,,South East,TN2 3FX,01892510844,Kent,0.0,Good,2022-06-18,"[{'name': 'Personal care', 'code': 'RA1', 'contacts': []}]","[{'name': 'Homecare agencies', 'description': 'Domiciliary care service'}]"
1-947968241,1-904618857,ApproCare,Registered,2013-10-01,"Office 6, Kent House",Sheerness,Kent,South East,ME12 1TA,01795663824,Kent,0.0,Requires improvement,2023-08-01,"[{'name': 'Personal care', 'code': 'RA1', 'contacts': []}]","[{'name': 'Homecare agencies', 'description': 'Domiciliary care service'}]"
1-9506139093,1-8774517355,Jasper Conrad Group Ltd,Registered,2020-09-07,69 Monarch Drive,Sittingbourne,,South East,ME10 2GR,07368310618,Kent,0.0,Good,2022-04-28,"[{'name': 'Personal care', 'code': 'RA1', 'contacts': [{'personTitle': 'Miss', 'personGivenName': 'Kudzanayi Trader', 'personFamilyName': 'Chikoto', 'personRoles': ['Registered Manager']}]}]","[{'name': 'Homecare agencies', 'description': 'Domiciliary care service'}, {'name': 'Supported living', 'description': 'Supported living service'}]"
1-9560836695,1-8780561220,Conscience Care Limited,Registered,2020-09-17,18 Waterstone Way,Greenhithe,,South East,DA9 9TU,01322314741,Kent,0.0,Good,2023-07-13,"[{'name': 'Personal care', 'code': 'RA1', 'contacts': [{'personTitle': 'Miss', 'personGivenName': 'Serifat Abimbola', 'personFamilyName': 'Oseni', 'personRoles': ['Registered Manager']}]}]","[{'name': 'Homecare agencies', 'description': 'Domiciliary care service'}, {'name': 'Supported living', 'description': 'Supported living service'}]"
1-9580391323,1-6192052130,Royalcare Ashford,Registered,2020-11-13,Suite32 Williamson House,Ashford,,South East,TN23 6LW,01233510131,Kent,0.0,Requires improvement,2022-07-15,"[{'name': 'Personal care', 'code': 'RA1', 'contacts': [{'personTitle': 'Mr', 'personGivenName': 'Aravind Jain', 'personFamilyName': 'Suja', 'personRoles': ['Registered Manager']}]}]","[{'name': 'Homecare agencies', 'description': 'Domiciliary care service'}]"
1-9580586855,1-9036312015,Serenity Supported Living,Registered,2020-09-25,Regus House,Dartford,Kent,South East,DA2 6QD,,Kent,0.0,Not rated,,"[{'name': 'Personal care', 'code': 'RA1', 'contacts': [{'personTitle': 'Miss', 'personGivenName': 'Pennie Dawn', 'personFamilyName': 'Bishop', 'personRoles': ['Registered Manager']}, {'personTitle': 'Miss', 'personGivenName': 'Shelley', 'personFamilyName': 'Hackett', 'personRoles': ['Registered Manager']}]}]","[{'name': 'Supported living', 'description': 'Supported living service'}]"
1-9617311939,1-8419106463,Livingstone Care Office - Innovation House,Registered,2020-09-30,"Office 31, Floor 1, Innovation House",Sandwich,,South East,CT13 9FF,07769853836,Kent,0.0,Requires improvement,2023-10-21,"[{'name': 'Personal care', 'code': 'RA1', 'contacts': [{'personTitle': 'Miss', 'personGivenName': 'Soneni', 'personFamilyName': 'Nkomo', 'personRoles': ['Registered Manager']}]}]","[{'name': 'Homecare agencies', 'description': 'Domiciliary care service'}]"
1-9665521940,1-102642930,NAS Community Services (Kent),Registered,2020-10-07,22-24,Gravesend,,South East,DA11 0DN,01474535057,Kent,0.0,Good,2022-06-08,"[{'name': 'Personal care', 'code': 'RA1', 'contacts': [{'personTitle': 'Mr', 'personGivenName': 'Daniel Joseph', 'personFamilyName': 'Johnson', 'personRoles': ['Registered Manager']}]}]","[{'name': 'Supported living', 'description': 'Supported living service'}]"
1-9749225981,1-710829848,MidCo Care Kent,Registered,2020-10-27,"Level 1, Oakhurst House",Tunbridge Wells,,South East,TN4 8BS,01732795199,Kent,0.0,Good,2022-05-10,"[{'name': 'Personal care', 'code': 'RA1', 'contacts': [{'personTitle': 'Miss', 'personGivenName': 'Sitshengisiwe', 'personFamilyName': 'Nkomo', 'personRoles': ['Registered Manager']}]}]","[{'name': 'Homecare agencies', 'description': 'Domiciliary care service'}]"
1-9829482322,1-9226393522,Rusko Care Ltd,Registered,2020-11-10,24 Bifrons Road,Canterbury,,South East,CT4 5DE,01227830755,Kent,0.0,Good,2022-05-21,"[{'name': 'Personal care', 'code': 'RA1', 'contacts': [{'personTitle': 'Miss', 'personGivenName': 'Ropafadzo Elizabeth', 'personFamilyName': 'Mago', 'personRoles': ['Registered Manager']}, {'personTitle': 'Mrs', 'personGivenName': 'Maria', 'personFamilyName': 'Rusike', 'personRoles': ['Registered Manager']}]}, {'name': 'Treatment of disease, disorder or injury', 'code': 'RA5', 'contacts': [{'personTitle': 'Miss', 'personGivenName': 'Ropafadzo Elizabeth', 'personFamilyName': 'Mago', 'personRoles': ['Registered Manager']}, {'personTitle': 'Mrs', 'personGivenName': 'Maria', 'personFamilyName': 'Rusike', 'personRoles': ['Registered Manager']}]}]","[{'name': 'Homecare agencies', 'description': 'Domiciliary care service'}, {'name': 'Supported living', 'description': 'Supported living service'}]"
1-9838801116,1-9156191215,Avengers Prime Care,Registered,2020-11-11,22 Chaplin Drive,Ashford,,South East,TN27 9TN,,Kent,0.0,Not rated,,"[{'name': 'Personal care', 'code': 'RA1', 'contacts': [{'personTitle': 'Mrs', 'personGivenName': 'Lydia', 'personFamilyName': 'Madhusoodan', 'personRoles': ['Registered Manager']}]}, {'name': 'Treatment of disease, disorder or injury', 'code': 'RA5', 'contacts': [{'personTitle': 'Mrs', 'personGivenName': 'Lydia', 'personFamilyName': 'Madhusoodan', 'personRoles': ['Registered Manager']}]}]","[{'name': 'Homecare agencies', 'description': 'Domiciliary care service'}]"
1-990223635,1-315809199,The Garden of Kent Homecare LTD  t/a The Garden of England Homecare,Registered,2013-10-11,Memory Lane House,Maidstone,,South East,ME15 6SX,01622674733,Kent,0.0,Good,2019-01-04,"[{'name': 'Personal care', 'code': 'RA1', 'contacts': [{'personTitle': 'Miss', 'personGivenName': 'Allyson Rachael', 'personFamilyName': 'Cook', 'personRoles': ['Registered Manager']}]}]","[{'name': 'Homecare agencies', 'description': 'Domiciliary care service'}]"
1-9944023918,1-8805492948,Tendi Care,Registered,2020-11-27,10 Hengist Drive,Aylesford,,South East,ME20 7FF,01795432645,Kent,0.0,Good,2023-01-10,"[{'name': 'Personal care', 'code': 'RA1', 'contacts': [{'personTitle': 'Mr', 'personGivenName': 'Tendiefi Peter', 'personFamilyName': 'Nkellefack', 'personRoles': ['Registered Manager']}]}]","[{'name': 'Homecare agencies', 'description': 'Domiciliary care service'}, {'name': 'Shared lives', 'description': 'Shared Lives'}, {'name': 'Supported living', 'description': 'Supported living service'}]"
