pc,lat,lon,district
CT11DL,51.287428,1.097533,Canterbury
CT11DN,51.287428,1.099556,Canterbury
CT11DX,51.291295,1.099587,Canterbury
CT11YS,51.284936,1.094827,Canterbury
CT12AA,51.282506,1.081612,Canterbury
CT12BJ,51.274754,1.075041,Canterbury
CT12LU,51.281098,1.085189,Canterbury
CT12NF,51.276002,1.082653,Canterbury
CT12NP,51.278745,1.078219,Canterbury
CT12NX,51.276952,1.077683,Canterbury
CT13AA,51.270046,1.106515,Canterbury
CT13AE,51.267062,1.060692,Canterbury
CT13AT,51.274072,1.08968,Canterbury
CT13HS,51.274338,1.085051,Canterbury
CT13RY,51.272419,1.069078,Canterbury
CT13ZR,51.265262,1.05835,Canterbury
CT102FE,51.356951,1.415636,Thanet
CT102QQ,51.358923,1.406301,Thanet
CT103JJ,51.371179,1.416006,Thanet
CT118JX,51.336431,1.425253,Thanet
CT119AG,51.334386,1.418265,Thanet
CT119DS,51.332809,1.419297,Thanet
CT119RT,51.334694,1.416034,Thanet
CT125FN,51.348577,1.321203,Thanet
CT125GD,51.34975,1.324577,Thanet
CT125HP,51.330323,1.381321,Thanet
CT126FG,51.343155,1.395135,Thanet
CT126JD,51.346796,1.387131,Thanet
CT126PB,51.349189,1.388054,Thanet
CT139FF,51.287759,1.344381,Dover
CT140EN,51.22932,1.345842,Dover
CT146EL,51.223771,1.402567,Dover
CT146ES,51.223039,1.403932,Dover
CT147EE,51.216276,1.402015,Dover
CT148JW,51.201578,1.357834,Dover
CT149FE,51.223566,1.397238,Dover
CT149JP,51.205618,1.384318,Dover
CT149QF,51.22331,1.390873,Dover
CT156DL,51.153376,1.383581,Dover
CT161BU,51.126501,1.312186,Dover
CT161PT,51.126291,1.315473,Dover
CT162HQ,51.150025,1.288857,Dover
CT162LX,51.134859,1.306108,Dover
CT163EH,51.153978,1.291613,Dover
CT163FG,51.16097,1.293727,Dover
CT163PN,51.152245,1.290517,Dover
CT170HL,51.131288,1.279891,Dover
CT170TQ,51.135385,1.298625,Dover
CT179JT,51.119565,1.288636,Dover
CT187SS,51.109762,1.161378,Folkestone and Hythe
CT194DP,51.086698,1.151094,Folkestone and Hythe
CT194RH,51.094725,1.150954,Folkestone and Hythe
CT194RJ,51.092765,1.149249,Folkestone and Hythe
CT195AS,51.084099,1.173996,Folkestone and Hythe
CT196DR,,,
CT28AJ,51.282259,1.072517,Canterbury
CT28AP,51.282297,1.071415,Canterbury
CT29JJ,51.310059,1.039889,Canterbury
CT201DW,51.079103,1.178766,Folkestone and Hythe
CT201JU,51.080949,1.184319,Folkestone and Hythe
CT202RD,51.080038,1.168534,Folkestone and Hythe
CT202SL,51.080516,1.172108,Folkestone and Hythe
CT214JN,51.083915,1.034631,Folkestone and Hythe
CT214PA,51.074536,1.013672,Folkestone and Hythe
CT215AD,51.071514,1.082319,Folkestone and Hythe
CT215AQ,51.071639,1.083683,Folkestone and Hythe
CT215BZ,51.073175,1.074234,Folkestone and Hythe
CT32AG,51.278011,1.286162,Dover
CT34AL,51.317355,1.175006,Canterbury
CT34GP,51.315392,1.176062,Canterbury
CT34NH,51.316937,1.17347,Canterbury
CT45DE,51.257316,1.134914,Canterbury
CT46AQ,51.176255,1.074933,Folkestone and Hythe
CT48DR,51.2437,0.967541,Ashford
CT51DB,51.356035,1.024388,Canterbury
CT53QT,51.356497,1.056483,Canterbury
CT53QZ,51.35816,1.056191,Canterbury
CT53RA,51.35776,1.056351,Canterbury
CT53SE,51.340841,1.012616,Canterbury
CT65AJ,51.371269,1.129892,Canterbury
CT65JY,51.37118,1.127184,Canterbury
CT65SE,51.366847,1.132493,Canterbury
CT66ED,51.367185,1.143681,Canterbury
CT66LE,51.364584,1.147094,Canterbury
CT67GQ,51.35873,1.131623,Canterbury
CT67LQ,51.331166,1.118989,Canterbury
CT67NE,51.351872,1.131413,Canterbury
CT68HY,51.370608,1.103707,Canterbury
CT68UE,51.369436,1.11771,Canterbury
CT79DQ,51.374637,1.305541,Thanet
CT79JS,51.378532,1.301726,Thanet
CT88QY,51.381618,1.338487,Thanet
CT91JT,51.386074,1.381637,Thanet
CT91LB,51.385817,1.382739,Thanet
CT91UX,51.384218,1.381126,Thanet
CT91XB,51.383735,1.380386,Thanet
CT91XJ,51.386593,1.377664,Thanet
CT92QY,51.388387,1.39558,Thanet
CT92RP,51.387401,1.397937,Thanet
CT94JG,51.368044,1.387693,Thanet
CT94NN,51.364263,1.390302,Thanet
CT95QX,51.38173,1.370076,Thanet
ME11EL,51.386601,0.50689,Medway
ME11FG,51.384873,0.512372,Medway
ME12AU,51.375905,0.510343,Medway
ME12DR,51.381355,0.505755,Medway
ME12LU,51.367791,0.502472,Medway
ME12PF,51.368609,0.508766,Medway
ME12QT,51.370042,0.51327,Medway
ME12UT,51.364059,0.507929,Medway
ME13EZ,51.350079,0.501377,Tonbridge and Malling
ME13PY,51.371497,0.482571,Medway
ME13XX,51.331732,0.46407,Tonbridge and Malling
ME101NR,51.342816,0.718365,Swale
ME102DG,51.349112,0.726105,Swale
ME102GE,51.364628,0.741423,Swale
ME102GR,51.365054,0.739394,Swale
ME102GU,51.365288,0.740916,Swale
ME102QL,51.35083,0.724914,Swale
ME102RT,51.36313,0.740112,Swale
ME103RY,51.346812,0.748704,Swale
ME103TB,51.342006,0.748833,Swale
ME104DD,51.338624,0.733439,Swale
ME104EE,51.332507,0.734267,Swale
ME104HE,51.330997,0.732296,Swale
ME104NU,51.338283,0.734984,Swale
ME104QZ,51.32974,0.733356,Swale
ME104RT,51.338757,0.742794,Swale
ME105AA,51.35051,0.71701,Swale
ME105JR,51.350487,0.722639,Swale
ME105TP,51.350998,0.719222,Swale
ME121TA,51.441808,0.750951,Swale
ME122QY,51.435555,0.768634,Swale
ME123AN,51.411326,0.790167,Swale
ME123AU,51.422842,0.776397,Swale
ME123FX,51.413046,0.801375,Swale
ME124NH,51.40745,0.907423,Swale
ME130RH,51.312225,0.860066,Swale
ME137FZ,51.317991,0.869238,Swale
ME137GU,51.316228,0.892608,Swale
ME138GD,51.311253,0.898466,Swale
ME141FP,51.280404,0.517378,Maidstone
ME141JL,51.274022,0.521389,Maidstone
ME141LH,51.275779,0.519564,Maidstone
ME141PT,51.276346,0.523724,Maidstone
ME141UT,51.277644,0.529014,Maidstone
ME141XJ,51.278487,0.525791,Maidstone
ME142TP,51.280881,0.526955,Maidstone
ME145DZ,51.274845,0.530768,Maidstone
ME145FY,51.284656,0.556461,Maidstone
ME145GD,51.281233,0.536869,Maidstone
ME145NZ,51.279769,0.549178,Maidstone
ME145PP,51.271055,0.538818,Maidstone
ME150AG,51.238955,0.518467,Maidstone
ME156AQ,51.260753,0.526956,Maidstone
ME156JF,51.260484,0.526912,Maidstone
ME156LP,51.270476,0.524837,Maidstone
ME156LU,51.270883,0.523898,Maidstone
ME156NE,51.262288,0.509953,Maidstone
ME156RJ,51.262833,0.508434,Maidstone
ME156SX,51.267088,0.520967,Maidstone
ME156UY,51.260672,0.520271,Maidstone
ME156XW,51.272547,0.520978,Maidstone
ME157BS,51.265643,0.525833,Maidstone
ME158GA,51.266493,0.556243,Maidstone
ME158PR,51.267446,0.568568,Maidstone
ME158WN,51.242188,0.565857,Maidstone
ME159GP,51.242769,0.556991,Maidstone
ME160LL,51.291587,0.503316,Maidstone
ME160LS,51.291812,0.496171,Maidstone
ME168RA,51.270632,0.517189,Maidstone
ME169FZ,51.280705,0.486033,Maidstone
ME173FF,51.238452,0.568486,Maidstone
ME174PT,51.235334,0.495648,Maidstone
ME174TB,51.234511,0.489085,Maidstone
ME185NS,51.25535,0.423908,Tonbridge and Malling
ME186AL,51.23619,0.441826,Maidstone
ME194AE,51.276847,0.396749,Tonbridge and Malling
ME196BJ,51.28786,0.438343,Tonbridge and Malling
ME196DZ,51.29555,0.441748,Tonbridge and Malling
ME22EG,51.392009,0.489906,Medway
ME22JH,51.392967,0.491381,Medway
ME22LB,51.387365,0.473498,Medway
ME22LS,51.390438,0.48765,Medway
ME24AB,51.393888,0.497915,Medway
ME24AZ,51.401106,0.511579,Medway
ME24BH,51.389975,0.518142,Medway
ME24DP,51.390035,0.51954,Medway
ME24DY,51.397073,0.516376,Medway
ME24DZ,51.398682,0.51136,Medway
ME24HN,51.392048,0.514202,Medway
ME24HU,51.393063,0.513409,Medway
ME24QW,51.393256,0.516554,Medway
ME24TH,51.39588,0.492244,Medway
ME24TR,51.3961,0.493305,Medway
ME24WQ,51.396334,0.498781,Medway
ME206HP,51.304143,0.432491,Tonbridge and Malling
ME207BS,51.304273,0.48326,Tonbridge and Malling
ME207FF,51.301034,0.473975,Tonbridge and Malling
ME207SU,51.293832,0.475596,Tonbridge and Malling
ME38FD,51.414394,0.514738,Medway
ME38PX,51.428507,0.549595,Medway
ME38ST,51.451532,0.563574,Medway
ME39JF,51.427309,0.561254,Medway
ME39JH,51.426624,0.55677,Medway
ME39XW,51.421904,0.571884,Medway
ME43AN,51.406943,0.53659,Medway
ME43ED,51.40106,0.534596,Medway
ME44EQ,51.383154,0.518731,Medway
ME44HW,51.383733,0.525647,Medway
ME44HY,51.383568,0.525393,Medway
ME44NP,51.379389,0.532335,Medway
ME44QZ,51.40136,0.537776,Medway
ME44TZ,51.395085,0.528055,Medway
ME45LU,51.373485,0.535041,Medway
ME45RB,51.376814,0.525812,Medway
ME45XP,51.36813,0.52815,Medway
ME46BA,51.382409,0.520745,Medway
ME46BB,51.382536,0.518596,Medway
ME46BE,51.381638,0.5227,Medway
ME46BW,51.379864,0.523235,Medway
ME46DP,51.374389,0.5219,Medway
ME46DQ,51.374725,0.521343,Medway
ME46FE,51.355293,0.509475,Medway
ME46HZ,51.358712,0.514,Medway
ME46SB,51.378415,0.518701,Medway
ME57DX,51.364206,0.546137,Medway
ME57JZ,51.368182,0.548168,Medway
ME57SS,51.365152,0.547698,Medway
ME58AH,51.343889,0.529559,Medway
ME58HJ,51.344036,0.53567,Medway
ME58UD,51.328577,0.545152,Medway
ME58XG,51.345175,0.542439,Medway
ME58XZ,51.333635,0.544169,Medway
ME59AJ,51.344118,0.523124,Medway
ME59FD,51.347593,0.507431,Medway
ME59JG,51.329584,0.538504,Maidstone
ME65DF,51.330155,0.441863,Tonbridge and Malling
ME71BB,51.389078,0.54299,Medway
ME71FU,51.396224,0.5568,Medway
ME72QB,51.389094,0.56701,Medway
ME72YX,51.372433,0.558204,Medway
ME72YY,51.372147,0.559754,Medway
ME73AH,51.366736,0.564164,Medway
ME73EG,51.366099,0.566945,Medway
ME74AQ,51.375561,0.55582,Medway
ME74JH,51.378611,0.558217,Medway
ME74NT,51.386441,0.550547,Medway
ME74PG,51.385528,0.549088,Medway
ME74RP,51.384031,0.549278,Medway
ME75AE,51.391369,0.529805,Medway
ME75EG,51.38609,0.542666,Medway
ME75LN,51.378277,0.547535,Medway
ME75TX,51.386989,0.544757,Medway
ME75XX,51.377651,0.548205,Medway
ME80DH,51.364195,0.602281,Medway
ME80PZ,51.364497,0.573981,Medway
ME86TT,51.370157,0.590147,Medway
ME87EG,51.367159,0.597205,Medway
ME87HX,51.364741,0.604826,Medway
ME87JH,51.363284,0.607688,Medway
ME87SB,51.364794,0.610116,Medway
ME89PW,51.348557,0.594903,Medway
ME90NT,51.263518,0.758567,Swale
ME97AZ,51.371543,0.642471,Swale
ME98GR,51.371943,0.726269,Swale
ME98LR,51.336253,0.703835,Swale
ME98SU,51.376788,0.721757,Swale
TN11DJ,51.129953,0.260894,Tunbridge Wells
TN11LU,51.133527,0.264442,Tunbridge Wells
TN11NU,51.130917,0.261727,Tunbridge Wells
TN11UL,51.129003,0.26302,Tunbridge Wells
TN11XP,51.127216,0.260089,Tunbridge Wells
TN12NB,51.132379,0.267502,Tunbridge Wells
TN103AB,51.201551,0.276153,Tonbridge and Malling
TN103LR,51.219885,0.274951,Tonbridge and Malling
TN104NZ,51.205755,0.283346,Tonbridge and Malling
TN110LT,51.225292,0.350384,Tonbridge and Malling
TN118RQ,51.194521,0.213171,Sevenoaks
TN125EN,51.212417,0.391454,Tonbridge and Malling
TN129AG,51.177507,0.503927,Maidstone
TN129QJ,51.17742,0.489872,Maidstone
TN131JX,51.269492,0.191095,Sevenoaks
TN131YH,51.271389,0.189723,Sevenoaks
TN132AA,51.283831,0.169636,Sevenoaks
TN132BT,51.284627,0.170391,Sevenoaks
TN133PE,51.287464,0.194748,Sevenoaks
TN133QG,51.287143,0.190315,Sevenoaks
TN145PQ,51.31331,0.189007,Sevenoaks
TN147AA,51.324319,0.155571,Sevenoaks
TN156BX,51.350506,0.251184,Sevenoaks
TN161JP,51.277222,0.110551,Sevenoaks
TN161JR,51.276961,0.110553,Sevenoaks
TN172AF,51.118332,0.555243,Tunbridge Wells
TN184AS,51.04839,0.510197,Tunbridge Wells
TN184HT,51.045878,0.514084,Tunbridge Wells
TN23DH,51.151178,0.277561,Tunbridge Wells
TN23FX,51.153877,0.293625,Tunbridge Wells
TN23UU,51.136047,0.283292,Tunbridge Wells
TN24AY,51.145258,0.337379,Tunbridge Wells
TN24QU,51.136908,0.309495,Tunbridge Wells
TN24RF,51.132534,0.299614,Tunbridge Wells
TN210JB,50.934066,0.24146,Wealden
TN210JL,50.923292,0.232519,Wealden
TN218LA,50.971388,0.248599,Wealden
TN218QR,50.959925,0.259096,Wealden
TN221FH,50.979578,0.096995,Wealden
TN221PX,50.970254,0.096404,Wealden
TN224HE,50.988118,0.136951,Wealden
TN225EJ,50.965164,0.102869,Wealden
TN231AF,51.150541,0.865527,Ashford
TN231BB,51.151119,0.857368,Ashford
TN231PD,51.146574,0.87143,Ashford
TN233PS,51.12349,0.852104,Ashford
TN234XL,51.14351,0.848877,Ashford
TN235HG,51.137201,0.833834,Ashford
TN236LN,51.1323,0.867371,Ashford
TN236LW,51.132748,0.866713,Ashford
TN236LZ,51.128654,0.863843,Ashford
TN237RP,51.141522,0.87166,Ashford
TN237TS,51.138086,0.87169,Ashford
TN240LH,51.124605,0.897496,Ashford
TN240NR,51.144324,0.906824,Ashford
TN248BF,51.157927,0.862895,Ashford
TN248DF,51.150207,0.875117,Ashford
TN248DH,51.150686,0.884528,Ashford
TN248EZ,,,
TN248JR,51.15039,0.873526,Ashford
TN248XU,51.162517,0.866841,Ashford
TN249BZ,51.162297,0.878372,Ashford
TN249HT,51.171175,0.886021,Ashford
TN254BF,51.170445,0.867405,Ashford
TN254DF,51.217914,0.867204,Ashford
TN256SX,51.113345,0.954236,Ashford
TN263RJ,51.075775,0.795499,Ashford
TN263SN,51.071308,0.775386,Ashford
TN279LY,51.170547,0.635241,Maidstone
TN279TN,51.168077,0.626717,Maidstone
TN288BN,50.985286,0.938987,Folkestone and Hythe
TN30AQ,51.145349,0.218638,Tunbridge Wells
TN30TU,51.155666,0.228529,Tunbridge Wells
TN39JA,51.083077,0.230537,Wealden
TN306BW,51.068343,0.688643,Ashford
TN307LZ,51.052887,0.693498,Ashford
TN317AD,50.951143,0.731068,Rother
TN317BE,50.952754,0.722561,Rother
TN317SQ,50.962007,0.730338,Rother
TN330AG,50.916316,0.485139,Rother
TN330TP,50.902861,0.514108,Rother
TN341HL,50.85521,0.578001,Hastings
TN341HN,,,
TN342PQ,50.87275,0.568962,Hastings
TN342RR,50.883976,0.577471,Hastings
TN343AA,50.855286,0.58349,Hastings
TN355BB,50.871012,0.606349,Hastings
TN376PA,50.866498,0.55631,Hastings
TN377AN,50.875859,0.551492,Hastings
TN389AU,50.876759,0.52915,Hastings
TN389BA,50.867966,0.549241,Hastings
TN389BB,50.870714,0.551893,Hastings
TN389UH,50.873665,0.527078,Hastings
TN393LR,50.840425,0.465111,Rother
TN393PD,50.841903,0.467958,Rother
TN394PQ,50.845781,0.434508,Rother
TN394SJ,50.844564,0.433805,Rother
TN394SL,50.843662,0.4339,Rother
TN395HE,50.857322,0.464012,Rother
TN40PP,51.156668,0.259711,Tunbridge Wells
TN48BS,51.132259,0.254632,Tunbridge Wells
TN49FJ,51.142397,0.259629,Tunbridge Wells
TN401JB,50.839475,0.476424,Rother
TN401QF,50.841773,0.473264,Rother
TN402DZ,50.850701,0.475527,Rother
TN61BL,51.05462,0.157278,Wealden
TN61DF,51.05874,0.162607,Wealden
TN61DH,51.05853,0.158858,Wealden
TN62JD,51.045727,0.1848,Wealden
TN85AX,51.193757,0.066143,Sevenoaks
TN85QR,51.17716,0.053598,Sevenoaks
TN87JU,51.143645,0.053412,Sevenoaks
TN91EP,51.193243,0.271878,Tonbridge and Malling
TN91SP,51.190716,0.282045,Tonbridge and Malling
TN92AA,51.190348,0.270877,Tonbridge and Malling
TN92HR,51.190165,0.270138,Tonbridge and Malling
TN92JN,51.184968,0.279757,Tonbridge and Malling
